 willie.manucchia@Manucchia, Willie;1-gmail.com
 marcie.christodi@Christodi, Marcie;2-yahoo.com
 collin.tsuang@Tsuang, Collin;3-gmail.com
 sybilla.butterfield@Butterfield, Sybilla;4-gmail.com
 dougie.ith@Ith, Dougie;5-yahoo.com
 maxim.takemoto@Takemoto, Maxim;6-gmail.com
 hadwich.feigin@Feigin, Hadwich;7-gmail.com
 bunni.luehrman@Luehrman, Bunni;8-gmail.com
 antonius.ventisette@Ventisette, Antonius;9-yahoo.com
 melony.nettle@Nettle, Melony;10-gmail.com
 bud.tiemann@Tiemann, Bud;11-gmail.com
 onfroi.thistle@Thistle, Onfroi;12-yahoo.com
 kori.mccullagh@Mccullagh, Kori;13-yahoo.com
 alcrecht.beerbohm@Beerbohm, Alcrecht;14-gmail.com
 gracia.herron@Herron, Gracia;15-gmail.com
 reed.twain@Twain, Reed;16-yahoo.com
 tonya.badcock@Badcock, Tonya;17-yahoo.com
